{"data": {"gene": "HBB", "population_carrier_rates": {"afr": 0.00383680147502366, "amr": 0.0026968795726661364, "asj": 0.003537848987815408, "eas": 0.002039247623677454, "fin": 0.003192309045650042, "nfe": 0.0033924662004628263, "sas": 0.0027093359716345356}}, "_cached_at": 1770111262.484979}