{"data": {"gene": "HEXA", "population_carrier_rates": {"afr": 0.0008534960279324185, "amr": 0.0012013529913257285, "asj": 0.001211047121919877, "eas": 0.0011882254445457917, "fin": 0.0011957181801672584, "nfe": 0.0011976667905732345, "sas": 0.001199799903938912}}, "_cached_at": 1770111259.590728}