{"data": {"gene": "CFTR", "population_carrier_rates": {"afr": 0.0003448361288375045, "amr": 0.00022058306318168192, "asj": 0.00013863130299918462, "eas": 0.0001995350962287212, "fin": 0.00022541208968378807, "nfe": 0.00018582165781337736, "sas": 0.00019839782556566187}}, "_cached_at": 1770111260.9998982}